[
    {
        "id": 1, 
        "name": "Иванов Иван Иванович",
        "data": "01.02.2022",
        "amount": 3456.50,
        "status": "выполнен"
    }, 
    {
        "id": 2, 
        "name": "Петрова Екатерина Федоровна",
        "data": "11.02.2022",
        "amount": 10230,
        "status": "доставляется"
    }, 
    {
        "id": 3, 
        "name": "Николаев Александр Петрович",
        "data": "21.02.2022",
        "amount": 23000,
        "status": "отклонён"
    }, 
    {
        "id": 4, 
        "name": "Васильева Инна Геннадьевна",
        "data": "11.03.2022",
        "amount": 5000,
        "status": "выполнен"
    }, 
    {
        "id": 5, 
        "name": "Гордеев Федор Петрович",
        "data": "21.03.2022",
        "amount": 456,
        "status": "доставляется"
    }
]