[
    {
        "id": 23456, 
        "name": "Иванов Иван Иванович",
        "amount": 3456.50,
        "status": "выполнен"
    }, 
    {
        "id": 23457, 
        "name": "Петрова Екатерина Федоровна",
        "amount": 10230,
        "status": "доставляется"
    }, 
    {
        "id": 23456, 
        "name": "Николаев Александр Петрович",
        "amount": 23000,
        "status": "отклонён"
    }, 
    {
        "id": 23456, 
        "name": "Васильева Инна Геннадьевна",
        "amount": 5000,
        "status": "выполнен"
    }, 
    {
        "id": 23456, 
        "name": "Гордеев Федор Петрович",
        "amount": 456,
        "status": "доставляется"
    }
]